strategy,side,split,cost_bps,horizon,n,median_return,mean_return,hit_rate
compression_break,long,test,20,1,14,-0.0021000150225094476,-0.0022004200389287845,0.0
compression_break,long,test,20,3,14,-0.002099985058474361,-0.0015387922105701264,0.07142857142857142
compression_break,long,test,20,5,14,-0.002293378822520063,-0.0023277056263055593,0.07142857142857142
compression_break,long,test,20,10,14,-0.002509384649124367,-0.0034469424096438897,0.0
compression_break,long,test,20,20,14,-0.002399556495522868,-0.0040388227095182585,0.0
compression_break,long,test,20,30,14,-0.002474485326258045,-0.0055890525136559665,0.0
compression_break,long,test,30,1,14,-0.0031000150225094477,-0.003200420038928784,0.0
compression_break,long,test,30,3,14,-0.003099985058474361,-0.0025387922105701262,0.07142857142857142
compression_break,long,test,30,5,14,-0.003293378822520063,-0.0033277056263055593,0.07142857142857142
compression_break,long,test,30,10,14,-0.003509384649124367,-0.00444694240964389,0.0
compression_break,long,test,30,20,14,-0.003399556495522868,-0.005038822709518258,0.0
compression_break,long,test,30,30,14,-0.003474485326258045,-0.006589052513655966,0.0
compression_break,long,test,60,1,14,-0.006100015022509448,-0.0062004200389287846,0.0
compression_break,long,test,60,3,14,-0.006099985058474361,-0.005538792210570126,0.07142857142857142
compression_break,long,test,60,5,14,-0.006293378822520063,-0.00632770562630556,0.0
compression_break,long,test,60,10,14,-0.006509384649124367,-0.007446942409643891,0.0
compression_break,long,test,60,20,14,-0.006399556495522868,-0.00803882270951826,0.0
compression_break,long,test,60,30,14,-0.006474485326258045,-0.009589052513655966,0.0
compression_break,long,train,20,1,2,0.0049875505845746754,0.0049875505845746754,0.5
compression_break,long,train,20,3,2,0.015831635189650695,0.015831635189650695,0.5
compression_break,long,train,20,5,2,-0.004216055726469768,-0.004216055726469768,0.0
compression_break,long,train,20,10,2,0.033299704310612355,0.033299704310612355,0.5
compression_break,long,train,20,20,2,0.020565241371520493,0.020565241371520493,0.5
compression_break,long,train,20,30,2,0.0008932078558508989,0.0008932078558508989,0.5
compression_break,long,train,30,1,2,0.003987550584574676,0.003987550584574676,0.5
compression_break,long,train,30,3,2,0.014831635189650695,0.014831635189650695,0.5
compression_break,long,train,30,5,2,-0.005216055726469768,-0.005216055726469768,0.0
compression_break,long,train,30,10,2,0.032299704310612354,0.032299704310612354,0.5
compression_break,long,train,30,20,2,0.019565241371520492,0.019565241371520492,0.5
compression_break,long,train,30,30,2,-0.00010679214414910116,-0.00010679214414910116,0.5
compression_break,long,train,60,1,2,0.0009875505845746754,0.0009875505845746754,0.5
compression_break,long,train,60,3,2,0.011831635189650698,0.011831635189650698,0.5
compression_break,long,train,60,5,2,-0.008216055726469768,-0.008216055726469768,0.0
compression_break,long,train,60,10,2,0.029299704310612355,0.029299704310612355,0.5
compression_break,long,train,60,20,2,0.016565241371520496,0.016565241371520496,0.5
compression_break,long,train,60,30,2,-0.0031067921441491012,-0.0031067921441491012,0.5
compression_break,short,test,20,1,9,-0.0022599878672329137,-0.002505805302414064,0.0
compression_break,short,test,20,3,9,-0.0024010829238945135,-0.002810818012045411,0.0
compression_break,short,test,20,5,9,-0.002300812192920885,-0.004112488218571512,0.1111111111111111
compression_break,short,test,20,10,9,-0.00230084235860417,-0.0030462869366452874,0.2222222222222222
compression_break,short,test,20,20,9,-0.0023701369506716734,-0.0033783960312765535,0.1111111111111111
compression_break,short,test,20,30,9,-0.0026005404864377617,-0.005367415083531939,0.1111111111111111
compression_break,short,test,30,1,9,-0.0032599878672329137,-0.0035058053024140646,0.0
compression_break,short,test,30,3,9,-0.0034010829238945136,-0.0038108180120454116,0.0
compression_break,short,test,30,5,9,-0.003300812192920885,-0.005112488218571511,0.0
compression_break,short,test,30,10,9,-0.00330084235860417,-0.004046286936645287,0.1111111111111111
compression_break,short,test,30,20,9,-0.0033701369506716735,-0.004378396031276553,0.1111111111111111
compression_break,short,test,30,30,9,-0.0036005404864377618,-0.006367415083531937,0.1111111111111111
compression_break,short,test,60,1,9,-0.006259987867232914,-0.006505805302414064,0.0
compression_break,short,test,60,3,9,-0.006401082923894514,-0.006810818012045411,0.0
compression_break,short,test,60,5,9,-0.006300812192920885,-0.008112488218571511,0.0
compression_break,short,test,60,10,9,-0.00630084235860417,-0.007046286936645286,0.0
compression_break,short,test,60,20,9,-0.0063701369506716735,-0.007378396031276554,0.1111111111111111
compression_break,short,test,60,30,9,-0.006600540486437762,-0.009367415083531937,0.1111111111111111
compression_break,short,train,20,1,21,-0.0021001301692200585,-0.0023112989844291023,0.09523809523809523
compression_break,short,train,20,3,21,-0.002200120072043397,-0.0011096276766442887,0.19047619047619047
compression_break,short,train,20,5,21,-0.0021002405773857796,-0.00211180955029896,0.14285714285714285
compression_break,short,train,20,10,21,-0.002100020004000889,0.006677030347876975,0.19047619047619047
compression_break,short,train,20,20,21,-0.002,0.02619893083194065,0.23809523809523808
compression_break,short,train,20,30,21,-0.0021002405773857796,0.026816302676463104,0.23809523809523808
compression_break,short,train,30,1,21,-0.0031001301692200585,-0.003311298984429102,0.09523809523809523
compression_break,short,train,30,3,21,-0.003200120072043397,-0.0021096276766442885,0.14285714285714285
compression_break,short,train,30,5,21,-0.0031002405773857796,-0.0031118095502989597,0.14285714285714285
compression_break,short,train,30,10,21,-0.0031000200040008892,0.005677030347876975,0.19047619047619047
compression_break,short,train,30,20,21,-0.003,0.02519893083194065,0.23809523809523808
compression_break,short,train,30,30,21,-0.0031002405773857796,0.025816302676463104,0.23809523809523808
compression_break,short,train,60,1,21,-0.006100130169220059,-0.0063112989844291015,0.09523809523809523
compression_break,short,train,60,3,21,-0.006200120072043397,-0.0051096276766442895,0.047619047619047616
compression_break,short,train,60,5,21,-0.00610024057738578,-0.006111809550298961,0.047619047619047616
compression_break,short,train,60,10,21,-0.006100020004000889,0.002677030347876976,0.14285714285714285
compression_break,short,train,60,20,21,-0.006,0.02219893083194065,0.23809523809523808
compression_break,short,train,60,30,21,-0.00610024057738578,0.022816302676463104,0.19047619047619047
cross_7_30_regime,long,test,20,1,65,-0.0023003303633997146,-0.014165059448376045,0.26153846153846155
cross_7_30_regime,long,test,20,3,65,-0.002119984402027651,-0.023192409159932127,0.36923076923076925
cross_7_30_regime,long,test,20,5,65,-0.0032007204322593834,-0.026627517556618845,0.23076923076923078
cross_7_30_regime,long,test,20,10,65,-0.011803085840934367,-0.055643576550618405,0.2
cross_7_30_regime,long,test,20,20,65,-0.011224618339792046,-0.05874291576996587,0.2153846153846154
cross_7_30_regime,long,test,20,30,65,-0.03840059127864015,-0.11094597759400002,0.16923076923076924
cross_7_30_regime,long,test,30,1,65,-0.0033003303633997146,-0.015165059448376044,0.23076923076923078
cross_7_30_regime,long,test,30,3,65,-0.003119984402027651,-0.02419240915993212,0.36923076923076925
cross_7_30_regime,long,test,30,5,65,-0.0042007204322593835,-0.027627517556618846,0.23076923076923078
cross_7_30_regime,long,test,30,10,65,-0.012803085840934366,-0.0566435765506184,0.2
cross_7_30_regime,long,test,30,20,65,-0.012224618339792045,-0.05974291576996586,0.2153846153846154
cross_7_30_regime,long,test,30,30,65,-0.03940059127864015,-0.11194597759400002,0.16923076923076924
cross_7_30_regime,long,test,60,1,65,-0.006300330363399715,-0.018165059448376045,0.16923076923076924
cross_7_30_regime,long,test,60,3,65,-0.006119984402027651,-0.027192409159932127,0.3076923076923077
cross_7_30_regime,long,test,60,5,65,-0.0072007204322593835,-0.030627517556618848,0.2
cross_7_30_regime,long,test,60,10,65,-0.015803085840934365,-0.0596435765506184,0.15384615384615385
cross_7_30_regime,long,test,60,20,65,-0.015224618339792046,-0.06274291576996587,0.2153846153846154
cross_7_30_regime,long,test,60,30,65,-0.04240059127864015,-0.114945977594,0.15384615384615385
cross_7_30_regime,long,train,20,1,99,-0.015863642939882294,-0.018212175157664576,0.31313131313131315
cross_7_30_regime,long,train,20,3,99,-0.013826035590341899,-0.019432927492734068,0.3939393939393939
cross_7_30_regime,long,train,20,5,99,-0.02516638392426984,-0.02566565448454391,0.25252525252525254
cross_7_30_regime,long,train,20,10,99,-0.027604260548955373,-0.013807828531113793,0.3838383838383838
cross_7_30_regime,long,train,20,20,99,-0.07696320090006215,-0.0760680454401754,0.3333333333333333
cross_7_30_regime,long,train,20,30,99,-0.06941853247616936,-0.10516282235946266,0.32323232323232326
cross_7_30_regime,long,train,30,1,99,-0.01686364293988229,-0.019212175157664574,0.30303030303030304
cross_7_30_regime,long,train,30,3,99,-0.014826035590341898,-0.02043292749273407,0.37373737373737376
cross_7_30_regime,long,train,30,5,99,-0.02616638392426984,-0.02666565448454392,0.25252525252525254
cross_7_30_regime,long,train,30,10,99,-0.02860426054895537,-0.01480782853111379,0.3838383838383838
cross_7_30_regime,long,train,30,20,99,-0.07796320090006215,-0.07706804544017538,0.3333333333333333
cross_7_30_regime,long,train,30,30,99,-0.07041853247616936,-0.10616282235946266,0.32323232323232326
cross_7_30_regime,long,train,60,1,99,-0.01986364293988229,-0.022212175157664573,0.26262626262626265
cross_7_30_regime,long,train,60,3,99,-0.017826035590341897,-0.02343292749273407,0.35353535353535354
cross_7_30_regime,long,train,60,5,99,-0.02916638392426984,-0.02966565448454391,0.24242424242424243
cross_7_30_regime,long,train,60,10,99,-0.03160426054895537,-0.017807828531113797,0.35353535353535354
cross_7_30_regime,long,train,60,20,99,-0.08096320090006215,-0.0800680454401754,0.32323232323232326
cross_7_30_regime,long,train,60,30,99,-0.07341853247616936,-0.10916282235946266,0.29292929292929293
cross_7_30_regime,short,test,20,1,258,0.0031285034906833892,0.0022199724467870385,0.5697674418604651
cross_7_30_regime,short,test,20,3,258,0.011162951890119234,0.0168853788704444,0.5968992248062015
cross_7_30_regime,short,test,20,5,258,0.01785863225423473,0.023886268163326476,0.6356589147286822
cross_7_30_regime,short,test,20,10,258,0.038442897278271715,0.04569197872331303,0.6356589147286822
cross_7_30_regime,short,test,20,20,258,0.14032605327553965,0.10222957627984916,0.686046511627907
cross_7_30_regime,short,test,20,30,258,0.1395402031718665,0.09867938461476342,0.6744186046511628
cross_7_30_regime,short,test,30,1,258,0.0021285034906833892,0.0012199724467870383,0.5426356589147286
cross_7_30_regime,short,test,30,3,258,0.010162951890119235,0.015885378870444403,0.5930232558139535
cross_7_30_regime,short,test,30,5,258,0.016858632254234732,0.022886268163326475,0.6317829457364341
cross_7_30_regime,short,test,30,10,258,0.037442897278271714,0.04469197872331302,0.6356589147286822
cross_7_30_regime,short,test,30,20,258,0.13932605327553965,0.10122957627984917,0.6821705426356589
cross_7_30_regime,short,test,30,30,258,0.1385402031718665,0.09767938461476341,0.6744186046511628
cross_7_30_regime,short,test,60,1,258,-0.0008714965093166108,-0.0017800275532129605,0.47674418604651164
cross_7_30_regime,short,test,60,3,258,0.007162951890119234,0.0128853788704444,0.5658914728682171
cross_7_30_regime,short,test,60,5,258,0.013858632254234731,0.019886268163326472,0.6046511627906976
cross_7_30_regime,short,test,60,10,258,0.03444289727827172,0.04169197872331302,0.6162790697674418
cross_7_30_regime,short,test,60,20,258,0.13632605327553965,0.09822957627984917,0.6821705426356589
cross_7_30_regime,short,test,60,30,258,0.1355402031718665,0.09467938461476338,0.6705426356589147
cross_7_30_regime,short,train,20,1,348,0.003978587431675675,0.006684165139910167,0.5459770114942529
cross_7_30_regime,short,train,20,3,348,-0.0019499098377078732,0.005577443198135961,0.47701149425287354
cross_7_30_regime,short,train,20,5,348,0.009664056824032987,0.008999477002383063,0.5373563218390804
cross_7_30_regime,short,train,20,10,348,0.004489350596539212,0.007525803220042623,0.5229885057471264
cross_7_30_regime,short,train,20,20,348,0.05378533799288471,0.03431533084046522,0.617816091954023
cross_7_30_regime,short,train,20,30,348,0.06887032007312355,0.07376551240010425,0.7097701149425287
cross_7_30_regime,short,train,30,1,348,0.002978587431675675,0.0056841651399101665,0.5431034482758621
cross_7_30_regime,short,train,30,3,348,-0.0029499098377078732,0.00457744319813596,0.45977011494252873
cross_7_30_regime,short,train,30,5,348,0.008664056824032988,0.007999477002383062,0.5316091954022989
cross_7_30_regime,short,train,30,10,348,0.0034893505965392117,0.006525803220042624,0.5201149425287356
cross_7_30_regime,short,train,30,20,348,0.05278533799288471,0.03331533084046522,0.617816091954023
cross_7_30_regime,short,train,30,30,348,0.06787032007312355,0.07276551240010426,0.7040229885057471
cross_7_30_regime,short,train,60,1,348,-2.1412568324325268e-05,0.002684165139910166,0.5
cross_7_30_regime,short,train,60,3,348,-0.005949909837707873,0.0015774431981359584,0.4482758620689655
cross_7_30_regime,short,train,60,5,348,0.005664056824032987,0.0049994770023830595,0.5201149425287356
cross_7_30_regime,short,train,60,10,348,0.0004893505965392116,0.0035258032200426214,0.5028735632183908
cross_7_30_regime,short,train,60,20,348,0.04978533799288471,0.030315330840465227,0.6063218390804598
cross_7_30_regime,short,train,60,30,348,0.06487032007312354,0.06976551240010424,0.6954022988505747
fresh_stack,long,test,20,1,59,-0.002299431080946211,-0.010867222746730156,0.23728813559322035
fresh_stack,long,test,20,3,59,-0.0022497452598350103,-0.0005623728834375512,0.3389830508474576
fresh_stack,long,test,20,5,59,-0.0025003001801080487,-0.0005868692527163866,0.3559322033898305
fresh_stack,long,test,20,10,59,-0.005707136237256714,-0.028943154134492,0.2711864406779661
fresh_stack,long,test,20,20,59,-0.010521516829995801,-0.00942916870716532,0.23728813559322035
fresh_stack,long,test,20,30,59,-0.022536855560289726,-0.021181460692920685,0.22033898305084745
fresh_stack,long,test,30,1,59,-0.003299431080946211,-0.011867222746730157,0.2033898305084746
fresh_stack,long,test,30,3,59,-0.0032497452598350103,-0.001562372883437552,0.3389830508474576
fresh_stack,long,test,30,5,59,-0.0035003001801080487,-0.0015868692527163876,0.3559322033898305
fresh_stack,long,test,30,10,59,-0.006707136237256714,-0.029943154134491997,0.2542372881355932
fresh_stack,long,test,30,20,59,-0.0115215168299958,-0.010429168707165318,0.23728813559322035
fresh_stack,long,test,30,30,59,-0.023536855560289723,-0.022181460692920693,0.22033898305084745
fresh_stack,long,test,60,1,59,-0.006299431080946211,-0.01486722274673016,0.15254237288135594
fresh_stack,long,test,60,3,59,-0.00624974525983501,-0.004562372883437555,0.3389830508474576
fresh_stack,long,test,60,5,59,-0.006500300180108049,-0.004586869252716387,0.3220338983050847
fresh_stack,long,test,60,10,59,-0.009707136237256714,-0.032943154134492,0.23728813559322035
fresh_stack,long,test,60,20,59,-0.014521516829995801,-0.013429168707165323,0.23728813559322035
fresh_stack,long,test,60,30,59,-0.026536855560289722,-0.02518146069292069,0.2033898305084746
fresh_stack,long,train,20,1,176,-0.005027007555367778,-0.007224144703153554,0.42613636363636365
fresh_stack,long,train,20,3,176,-0.011911611696216682,-0.03152630814792412,0.39204545454545453
fresh_stack,long,train,20,5,176,-0.044170693689724316,-0.054567856006887405,0.2727272727272727
fresh_stack,long,train,20,10,176,-0.058504106274399725,-0.05827196094036358,0.2784090909090909
fresh_stack,long,train,20,20,176,-0.06568098733414968,-0.07523153321790504,0.3068181818181818
fresh_stack,long,train,20,30,176,-0.08530724358000852,-0.11320257182403876,0.2727272727272727
fresh_stack,long,train,30,1,176,-0.006027007555367778,-0.008224144703153554,0.4034090909090909
fresh_stack,long,train,30,3,176,-0.012911611696216681,-0.03252630814792412,0.38636363636363635
fresh_stack,long,train,30,5,176,-0.04517069368972432,-0.0555678560068874,0.25
fresh_stack,long,train,30,10,176,-0.059504106274399726,-0.059271960940363584,0.2727272727272727
fresh_stack,long,train,30,20,176,-0.06668098733414968,-0.07623153321790505,0.29545454545454547
fresh_stack,long,train,30,30,176,-0.08630724358000852,-0.11420257182403876,0.26136363636363635
fresh_stack,long,train,60,1,176,-0.009027007555367778,-0.011224144703153555,0.3693181818181818
fresh_stack,long,train,60,3,176,-0.01591161169621668,-0.035526308147924124,0.3522727272727273
fresh_stack,long,train,60,5,176,-0.04817069368972431,-0.05856785600688741,0.23863636363636365
fresh_stack,long,train,60,10,176,-0.06250410627439973,-0.06227196094036359,0.26136363636363635
fresh_stack,long,train,60,20,176,-0.06968098733414968,-0.07923153321790505,0.29545454545454547
fresh_stack,long,train,60,30,176,-0.08930724358000852,-0.11720257182403876,0.24431818181818182
fresh_stack,short,test,20,1,611,0.0020577828274629412,0.002236529664230898,0.530278232405892
fresh_stack,short,test,20,3,611,0.0013745781777279049,0.0016010061239083034,0.5090016366612111
fresh_stack,short,test,20,5,611,0.01397603594608088,0.018098249565005248,0.5842880523731587
fresh_stack,short,test,20,10,611,0.013171078114912806,0.023091682118081724,0.5499181669394435
fresh_stack,short,test,20,20,611,0.06793526477767164,0.05921479832717898,0.6546644844517185
fresh_stack,short,test,20,30,611,0.0687889641819941,0.07796890475489399,0.6497545008183306
fresh_stack,short,test,30,1,611,0.0010577828274629412,0.001236529664230897,0.5188216039279869
fresh_stack,short,test,30,3,611,0.00037457817772790485,0.0006010061239083036,0.5057283142389526
fresh_stack,short,test,30,5,611,0.01297603594608088,0.017098249565005247,0.5761047463175123
fresh_stack,short,test,30,10,611,0.012171078114912807,0.022091682118081723,0.5450081833060556
fresh_stack,short,test,30,20,611,0.06693526477767164,0.05821479832717897,0.6513911620294599
fresh_stack,short,test,30,30,611,0.0677889641819941,0.07696890475489397,0.6497545008183306
fresh_stack,short,test,60,1,611,-0.0019422171725370588,-0.001763470335769102,0.47299509001636664
fresh_stack,short,test,60,3,611,-0.002625421822272095,-0.002398993876091697,0.4795417348608838
fresh_stack,short,test,60,5,611,0.00997603594608088,0.014098249565005244,0.5597381342062193
fresh_stack,short,test,60,10,611,0.009171078114912806,0.019091682118081724,0.5286415711947627
fresh_stack,short,test,60,20,611,0.06393526477767164,0.05521479832717897,0.6448445171849427
fresh_stack,short,test,60,30,611,0.06478896418199409,0.07396890475489398,0.6415711947626841
fresh_stack,short,train,20,1,518,-0.003962278273641371,-0.004370571068385776,0.4420849420849421
fresh_stack,short,train,20,3,518,0.0007665861515065448,0.002008901012817896,0.5057915057915058
fresh_stack,short,train,20,5,518,0.016945133822805047,0.013359806199641406,0.5675675675675675
fresh_stack,short,train,20,10,518,0.022013303769401305,0.004999105610485,0.5694980694980695
fresh_stack,short,train,20,20,518,0.043547173447854914,0.03705792012655901,0.6042471042471043
fresh_stack,short,train,20,30,518,0.09408767071494634,0.04108416555350019,0.640926640926641
fresh_stack,short,train,30,1,518,-0.004962278273641371,-0.005370571068385776,0.4305019305019305
fresh_stack,short,train,30,3,518,-0.0002334138484934552,0.0010089010128178952,0.5
fresh_stack,short,train,30,5,518,0.01594513382280505,0.012359806199641405,0.5656370656370656
fresh_stack,short,train,30,10,518,0.021013303769401307,0.003999105610484999,0.5694980694980695
fresh_stack,short,train,30,20,518,0.042547173447854914,0.03605792012655901,0.6003861003861004
fresh_stack,short,train,30,30,518,0.09308767071494634,0.04008416555350019,0.640926640926641
fresh_stack,short,train,60,1,518,-0.007962278273641371,-0.008370571068385776,0.3841698841698842
fresh_stack,short,train,60,3,518,-0.0032334138484934553,-0.0019910989871821058,0.47876447876447875
fresh_stack,short,train,60,5,518,0.012945133822805049,0.009359806199641402,0.5521235521235521
fresh_stack,short,train,60,10,518,0.018013303769401308,0.000999105610484996,0.5540540540540541
fresh_stack,short,train,60,20,518,0.03954717344785492,0.033057920126559,0.5888030888030888
fresh_stack,short,train,60,30,518,0.09008767071494633,0.03708416555350019,0.637065637065637
pullback_recapture,long,test,20,1,98,-0.0037377050339333345,-0.01830768427971878,0.22448979591836735
pullback_recapture,long,test,20,3,98,-0.0022948777578404283,-0.018376377197509647,0.336734693877551
pullback_recapture,long,test,20,5,98,-0.0021947457881416037,-0.017902226598059613,0.3673469387755102
pullback_recapture,long,test,20,10,98,-0.008441487586283268,-0.030388153762019865,0.30612244897959184
pullback_recapture,long,test,20,20,98,-0.03918104640199299,-0.037769114126084434,0.21428571428571427
pullback_recapture,long,test,20,30,98,-0.051666354861340746,-0.039623573835675045,0.21428571428571427
pullback_recapture,long,test,30,1,98,-0.0047377050339333345,-0.019307684279718778,0.21428571428571427
pullback_recapture,long,test,30,3,98,-0.0032948777578404283,-0.019376377197509648,0.32653061224489793
pullback_recapture,long,test,30,5,98,-0.0031947457881416038,-0.018902226598059613,0.336734693877551
pullback_recapture,long,test,30,10,98,-0.009441487586283267,-0.031388153762019866,0.30612244897959184
pullback_recapture,long,test,30,20,98,-0.04018104640199299,-0.038769114126084435,0.21428571428571427
pullback_recapture,long,test,30,30,98,-0.05266635486134075,-0.040623573835675046,0.21428571428571427
pullback_recapture,long,test,60,1,98,-0.0077377050339333345,-0.022307684279718777,0.19387755102040816
pullback_recapture,long,test,60,3,98,-0.006294877757840428,-0.02237637719750965,0.32653061224489793
pullback_recapture,long,test,60,5,98,-0.006194745788141604,-0.021902226598059616,0.32653061224489793
pullback_recapture,long,test,60,10,98,-0.012441487586283268,-0.03438815376201986,0.30612244897959184
pullback_recapture,long,test,60,20,98,-0.04318104640199299,-0.04176911412608443,0.20408163265306123
pullback_recapture,long,test,60,30,98,-0.05566635486134074,-0.04362357383567504,0.21428571428571427
pullback_recapture,long,train,20,1,294,-0.008678985677250948,-0.009416064925290308,0.4013605442176871
pullback_recapture,long,train,20,3,294,-0.019293832796132726,-0.0320118494092409,0.3469387755102041
pullback_recapture,long,train,20,5,294,-0.04725689533382971,-0.05768729195385739,0.2925170068027211
pullback_recapture,long,train,20,10,294,-0.042661373223560284,-0.055293429087111455,0.32653061224489793
pullback_recapture,long,train,20,20,294,-0.07830142479490942,-0.09427508110206313,0.25170068027210885
pullback_recapture,long,train,20,30,294,-0.11834093662750889,-0.12189515162108519,0.23809523809523808
pullback_recapture,long,train,30,1,294,-0.009678985677250947,-0.01041606492529031,0.3843537414965986
pullback_recapture,long,train,30,3,294,-0.020293832796132723,-0.0330118494092409,0.3401360544217687
pullback_recapture,long,train,30,5,294,-0.04825689533382971,-0.058687291953857405,0.2755102040816326
pullback_recapture,long,train,30,10,294,-0.043661373223560285,-0.05629342908711146,0.3197278911564626
pullback_recapture,long,train,30,20,294,-0.07930142479490943,-0.09527508110206312,0.23809523809523808
pullback_recapture,long,train,30,30,294,-0.11934093662750889,-0.1228951516210852,0.22789115646258504
pullback_recapture,long,train,60,1,294,-0.012678985677250948,-0.01341606492529031,0.35374149659863946
pullback_recapture,long,train,60,3,294,-0.023293832796132723,-0.036011849409240904,0.3197278911564626
pullback_recapture,long,train,60,5,294,-0.051256895333829704,-0.061687291953857415,0.2585034013605442
pullback_recapture,long,train,60,10,294,-0.04666137322356028,-0.059293429087111466,0.3163265306122449
pullback_recapture,long,train,60,20,294,-0.08230142479490943,-0.09827508110206312,0.22789115646258504
pullback_recapture,long,train,60,30,294,-0.12234093662750889,-0.12589515162108522,0.22108843537414966
pullback_recapture,short,test,20,1,668,0.0017666829009783686,0.004170047995128501,0.5239520958083832
pullback_recapture,short,test,20,3,668,0.005331406599272727,0.0041707643274367275,0.5374251497005988
pullback_recapture,short,test,20,5,668,0.012019594707074146,0.017124674704352374,0.5658682634730539
pullback_recapture,short,test,20,10,668,0.02558182143353932,0.028324731492503814,0.594311377245509
pullback_recapture,short,test,20,20,668,0.059657530102999234,0.05661453460087513,0.6661676646706587
pullback_recapture,short,test,20,30,668,0.07128402925988475,0.08107699470368114,0.6437125748502994
pullback_recapture,short,test,30,1,668,0.0007666829009783686,0.0031700479951285005,0.5119760479041916
pullback_recapture,short,test,30,3,668,0.004331406599272727,0.0031707643274367266,0.5329341317365269
pullback_recapture,short,test,30,5,668,0.011019594707074146,0.016124674704352377,0.5583832335329342
pullback_recapture,short,test,30,10,668,0.024581821433539323,0.02732473149250382,0.5868263473053892
pullback_recapture,short,test,30,20,668,0.058657530102999234,0.05561453460087513,0.6646706586826348
pullback_recapture,short,test,30,30,668,0.07028402925988475,0.08007699470368115,0.6392215568862275
pullback_recapture,short,test,60,1,668,-0.0022333170990216315,0.00017004799512850075,0.47005988023952094
pullback_recapture,short,test,60,3,668,0.0013314065992727272,0.00017076432743672618,0.5074850299401198
pullback_recapture,short,test,60,5,668,0.008019594707074145,0.013124674704352371,0.5419161676646707
pullback_recapture,short,test,60,10,668,0.021581821433539324,0.024324731492503818,0.5733532934131736
pullback_recapture,short,test,60,20,668,0.05565753010299924,0.052614534600875125,0.655688622754491
pullback_recapture,short,test,60,30,668,0.06728402925988475,0.07707699470368115,0.6317365269461078
pullback_recapture,short,train,20,1,568,-0.006224975010709842,-0.006270566899253071,0.3996478873239437
pullback_recapture,short,train,20,3,568,-0.0010304259972226375,-0.0014692236165851982,0.49295774647887325
pullback_recapture,short,train,20,5,568,0.019670326266029214,0.014491652215620817,0.5897887323943662
pullback_recapture,short,train,20,10,568,0.01776467267219317,-0.012220276832100821,0.5545774647887324
pullback_recapture,short,train,20,20,568,0.03281876507914128,0.02329130485836674,0.5563380281690141
pullback_recapture,short,train,20,30,568,0.07103273594637421,0.031602801813787766,0.6056338028169014
pullback_recapture,short,train,30,1,568,-0.007224975010709842,-0.007270566899253071,0.3890845070422535
pullback_recapture,short,train,30,3,568,-0.0020304259972226376,-0.002469223616585199,0.4894366197183099
pullback_recapture,short,train,30,5,568,0.018670326266029217,0.013491652215620814,0.5880281690140845
pullback_recapture,short,train,30,10,568,0.016764672672193174,-0.01322027683210082,0.5545774647887324
pullback_recapture,short,train,30,20,568,0.031818765079141276,0.02229130485836674,0.551056338028169
pullback_recapture,short,train,30,30,568,0.07003273594637421,0.030602801813787772,0.6056338028169014
pullback_recapture,short,train,60,1,568,-0.010224975010709842,-0.010270566899253071,0.3503521126760563
pullback_recapture,short,train,60,3,568,-0.005030425997222638,-0.005469223616585201,0.47007042253521125
pullback_recapture,short,train,60,5,568,0.015670326266029218,0.010491652215620813,0.5721830985915493
pullback_recapture,short,train,60,10,568,0.013764672672193173,-0.01622027683210082,0.5440140845070423
pullback_recapture,short,train,60,20,568,0.02881876507914128,0.019291304858366738,0.5475352112676056
pullback_recapture,short,train,60,30,568,0.06703273594637421,0.027602801813787766,0.5985915492957746
