strategy,side,split,horizon,n,mean_return,median_return,hit_rate,p25,p75,median_mfe_20d,median_mae_20d
compression_break,long,test,1,14,-0.0011581488570029607,-0.0018850855348271339,0.14285714285714285,-0.0020149844162070923,-0.0014698561153423367,0.004656899198362652,-0.0011686288285550073
compression_break,long,test,3,14,-0.0005575780527471175,-0.00201498441620712,0.14285714285714285,-0.002272540687337064,-0.0018026507590209722,0.004656899198362652,-0.0011686288285550073
compression_break,long,test,5,14,-0.0008816718217783704,-0.001955038368153415,0.14285714285714285,-0.0022974246783344903,-0.0015802678019637955,0.004656899198362652,-0.0011686288285550073
compression_break,long,test,10,14,-0.0024955771638783255,-0.0025646727403499364,0.0,-0.0027000003357316154,-0.0021848305562711372,0.004656899198362652,-0.0011686288285550073
compression_break,long,test,20,14,-0.00282955905892797,-0.0022996883241428994,0.07142857142857142,-0.0026745803357313674,-0.001950054443187797,0.004656899198362652,-0.0011686288285550073
compression_break,long,test,30,14,-0.0041996447205735555,-0.0024998251224142547,0.0,-0.0032136898201179636,-0.0019850155837928245,0.004656899198362652,-0.0011686288285550073
compression_break,long,train,1,2,0.0030233996224656185,0.0030233996224656185,0.5,0.00041175977525440173,0.005635039469676835,0.12875269145912838,-0.02945227171097714
compression_break,long,train,3,2,0.023466788238252545,0.023466788238252545,0.5,0.01058348406515869,0.0363500924113464,0.12875269145912838,-0.02945227171097714
compression_break,long,train,5,2,0.013829212150129389,0.013829212150129389,0.5,0.005614785967129473,0.022043638333129306,0.12875269145912838,-0.02945227171097714
compression_break,long,train,10,2,0.05386716281426601,0.05386716281426601,0.5,0.025633761299197783,0.08210056432933424,0.12875269145912838,-0.02945227171097714
compression_break,long,train,20,2,0.0259734246738485,0.0259734246738485,0.5,0.011686892228989028,0.04025995711870797,0.12875269145912838,-0.02945227171097714
compression_break,long,train,30,2,0.02217835826018627,0.02217835826018627,0.5,0.009789359022157914,0.03456735749821463,0.12875269145912838,-0.02945227171097714
compression_break,short,test,1,9,-0.0026584332735417834,-0.0018999399639784125,0.0,-0.0028673779165582208,-0.0018242221831604715,0.004621722093841041,-0.003416055460665257
compression_break,short,test,3,9,-0.003262549736532775,-0.0020800216058336467,0.0,-0.004109916608057816,-0.002,0.004621722093841041,-0.003416055460665257
compression_break,short,test,5,9,-0.004197013199472026,-0.003203973111267187,0.0,-0.004949084916298084,-0.002030008102187562,0.004621722093841041,-0.003416055460665257
compression_break,short,test,10,9,-0.0034466955151954463,-0.002260070218959241,0.1111111111111111,-0.004310861046920687,-0.0018999399639784125,0.004621722093841041,-0.003416055460665257
compression_break,short,test,20,9,-0.002868199340083827,-0.0024601242335429135,0.2222222222222222,-0.004210388827489362,-0.0014996998198919514,0.004621722093841041,-0.003416055460665257
compression_break,short,test,30,9,-0.006155043136256982,-0.002900540324194621,0.1111111111111111,-0.0044113332663520115,-0.0021002506265663783,0.004621722093841041,-0.003416055460665257
compression_break,short,train,1,21,0.001761744871596908,-0.002,0.23809523809523808,-0.0023006012024047156,-0.0017995389395609723,0.001603367070848849,-0.0039031224979986234
compression_break,short,train,3,21,0.0022574916779163246,-0.0022005012531327566,0.19047619047619047,-0.002701473093496441,-0.0015991180597313397,0.001603367070848849,-0.0039031224979986234
compression_break,short,train,5,21,0.001170317450695857,-0.002300751879699135,0.14285714285714285,-0.0036142816446682585,-0.0018997895580720164,0.001603367070848849,-0.0039031224979986234
compression_break,short,train,10,21,0.015189678419770486,-0.0022004208838559674,0.23809523809523808,-0.002601503759398492,-0.0016993385447986436,0.001603367070848849,-0.0039031224979986234
compression_break,short,train,20,21,0.027472771929366452,-0.0022001000500249095,0.23809523809523808,-0.002701473093496441,-0.0013991588223511969,0.001603367070848849,-0.0039031224979986234
compression_break,short,train,30,21,0.03394403822014496,-0.0021000400160064974,0.23809523809523808,-0.0024008417677121568,-0.0015991582322878433,0.001603367070848849,-0.0039031224979986234
cross_7_30_regime,long,test,1,66,0.003917365119800828,-0.0021000900820756768,0.30303030303030304,-0.012054122897206919,0.002553084417997122,0.03712372592186197,-0.08410458055698117
cross_7_30_regime,long,test,3,66,-0.01031011017344483,-0.002199879257274771,0.36363636363636365,-0.020375824995098074,0.005617058395563536,0.03712372592186197,-0.08410458055698117
cross_7_30_regime,long,test,5,66,-0.01909474898156475,-0.004954985205238292,0.24242424242424243,-0.0382742002115572,-0.0004280962198079368,0.03712372592186197,-0.08410458055698117
cross_7_30_regime,long,test,10,66,-0.046962270730373235,-0.012593671490168322,0.24242424242424243,-0.1082310706575765,-0.002044956841432242,0.03712372592186197,-0.08410458055698117
cross_7_30_regime,long,test,20,66,-0.05308768937417081,-0.01152939995410984,0.2727272727272727,-0.12581500588140965,0.0022412080902246573,0.03712372592186197,-0.08410458055698117
cross_7_30_regime,long,test,30,66,-0.09766777227917665,-0.02528345630866613,0.16666666666666666,-0.18784821187502554,-0.0025749378838216246,0.03712372592186197,-0.08410458055698117
cross_7_30_regime,long,train,1,99,-0.016614934551551705,-0.010730964467005054,0.37373737373737376,-0.053400181338598085,0.008333628432080189,0.07647118403727338,-0.17736524603974546
cross_7_30_regime,long,train,3,99,-0.037002060697894384,-0.02109854851031312,0.30303030303030304,-0.09729940290897432,0.0024181844837161143,0.07647118403727338,-0.17736524603974546
cross_7_30_regime,long,train,5,99,-0.04025683271920858,-0.03387390542907187,0.2828282828282828,-0.09568502033875065,0.0034644177204183908,0.07647118403727338,-0.17736524603974546
cross_7_30_regime,long,train,10,99,-0.02373855674187096,-0.02358866183256414,0.36363636363636365,-0.11666613775533013,0.05352922040688157,0.07647118403727338,-0.17736524603974546
cross_7_30_regime,long,train,20,99,-0.08694127741165655,-0.09960589318600355,0.2727272727272727,-0.18397323971649998,0.012933187498299194,0.07647118403727338,-0.17736524603974546
cross_7_30_regime,long,train,30,99,-0.11575002458125766,-0.079206435122538,0.2828282828282828,-0.30602683426348526,0.006516195774530999,0.07647118403727338,-0.17736524603974546
cross_7_30_regime,short,test,1,259,0.0011538855990634682,0.0013594624860022737,0.5173745173745173,-0.015833361787390032,0.026066043326178845,0.21070693205216207,-0.07183580387685295
cross_7_30_regime,short,test,3,259,0.011041723652666893,0.014088060965283812,0.5907335907335908,-0.01943564942389142,0.047712154284804464,0.21070693205216207,-0.07183580387685295
cross_7_30_regime,short,test,5,259,0.02422791494077294,0.0200706260032103,0.6525096525096525,-0.017538637563809134,0.06748552367807026,0.21070693205216207,-0.07183580387685295
cross_7_30_regime,short,test,10,259,0.04365637169963515,0.04529534569214244,0.6447876447876448,-0.02871015241671071,0.11169144814323834,0.21070693205216207,-0.07183580387685295
cross_7_30_regime,short,test,20,259,0.10291095410131873,0.13448994109147494,0.7258687258687259,-0.0029604267987616267,0.2472349090762121,0.21070693205216207,-0.07183580387685295
cross_7_30_regime,short,test,30,259,0.09947461617735925,0.14486902485659658,0.6833976833976834,-0.020838581332054296,0.26752046508980154,0.21070693205216207,-0.07183580387685295
cross_7_30_regime,short,train,1,348,0.00421137315596471,0.00011180093378804386,0.5,-0.02736614451994379,0.03990316072776387,0.1481212938441105,-0.11831129743093627
cross_7_30_regime,short,train,3,348,0.01670448879039053,0.014456633205748472,0.5862068965517241,-0.03806791392795511,0.07158189785951144,0.1481212938441105,-0.11831129743093627
cross_7_30_regime,short,train,5,348,0.0111340945856447,0.014554146127974567,0.5603448275862069,-0.041683685904571055,0.07768138138848318,0.1481212938441105,-0.11831129743093627
cross_7_30_regime,short,train,10,348,0.02001392457837223,0.010492120776891546,0.5373563218390804,-0.06058207973045898,0.11014364866156953,0.1481212938441105,-0.11831129743093627
cross_7_30_regime,short,train,20,348,0.03807667913086346,0.048393832746773946,0.6637931034482759,-0.019673666234764964,0.12992706441883398,0.1481212938441105,-0.11831129743093627
cross_7_30_regime,short,train,30,348,0.06580942019273159,0.053681352090759527,0.6896551724137931,-0.02404169078238938,0.17957824832450428,0.1481212938441105,-0.11831129743093627
fresh_stack,long,test,1,59,0.008560903722187398,-0.002,0.3389830508474576,-0.01020366120769045,0.006509333936897345,0.04730749874182183,-0.06212485941800572
fresh_stack,long,test,3,59,0.014119435076068582,-0.002099870168780547,0.3898305084745763,-0.030498172099210796,0.00567563846099617,0.04730749874182183,-0.06212485941800572
fresh_stack,long,test,5,59,0.005405927979379677,-0.002199740337561094,0.3559322033898305,-0.030577833956821954,0.013355980652996037,0.04730749874182183,-0.06212485941800572
fresh_stack,long,test,10,59,-0.014621177834618032,-0.0027002801120448155,0.3220338983050847,-0.0907942103113703,0.012142387361713693,0.04730749874182183,-0.06212485941800572
fresh_stack,long,test,20,59,0.004494120383523054,-0.005574772321048636,0.2542372881355932,-0.1006907152944046,-0.00039065720560904453,0.04730749874182183,-0.06212485941800572
fresh_stack,long,test,30,59,0.008481911920160103,-0.012289990645463099,0.23728813559322035,-0.176640832568004,-0.0012999597920703137,0.04730749874182183,-0.06212485941800572
fresh_stack,long,train,1,176,-0.0057061336471274145,-0.009815889401199816,0.39204545454545453,-0.03403869304211887,0.013366375719524206,0.07243217496929322,-0.17602898765928138
fresh_stack,long,train,3,176,-0.03269575469079476,-0.024626804350991904,0.30113636363636365,-0.07542662943401257,0.006391012362621519,0.07243217496929322,-0.17602898765928138
fresh_stack,long,train,5,176,-0.04685113218343577,-0.03593741218252822,0.2840909090909091,-0.10652352878121993,0.005482250115916078,0.07243217496929322,-0.17602898765928138
fresh_stack,long,train,10,176,-0.06244350270699925,-0.05950450487918624,0.26704545454545453,-0.15130734661549508,0.002418856840432861,0.07243217496929322,-0.17602898765928138
fresh_stack,long,train,20,176,-0.0852926597223926,-0.0762005290363908,0.26704545454545453,-0.1946654285638664,0.010480487027765386,0.07243217496929322,-0.17602898765928138
fresh_stack,long,train,30,176,-0.1029340521863344,-0.11376259513353398,0.26704545454545453,-0.2597499828363011,0.004440075322231842,0.07243217496929322,-0.17602898765928138
fresh_stack,short,test,1,612,0.0026811883364981784,0.004239179713285692,0.5555555555555556,-0.01732820316441458,0.025086828252444016,0.16334448322041495,-0.08936048487072412
fresh_stack,short,test,3,612,0.01095796165505583,0.00912831091265487,0.5490196078431373,-0.03195894302992974,0.0479849197971316,0.16334448322041495,-0.08936048487072412
fresh_stack,short,test,5,612,0.015351351023440499,0.01623820009191862,0.5866013071895425,-0.032775411658974185,0.07072230698036097,0.16334448322041495,-0.08936048487072412
fresh_stack,short,test,10,612,0.02475200026057832,0.01984359230348448,0.5604575163398693,-0.04662280487505194,0.11330228984586402,0.16334448322041495,-0.08936048487072412
fresh_stack,short,test,20,612,0.06490200547807992,0.07610679407926269,0.6437908496732027,-0.03821635550531166,0.19162752606124736,0.16334448322041495,-0.08936048487072412
fresh_stack,short,test,30,612,0.07927585785794171,0.08021007326405077,0.6650326797385621,-0.03752091614206221,0.22878859222643824,0.16334448322041495,-0.08936048487072412
fresh_stack,short,train,1,518,0.000126846982010772,-0.00210010512265457,0.47104247104247104,-0.03151257185966122,0.03067218035524752,0.19723595109990855,-0.12265131604754254
fresh_stack,short,train,3,518,0.0024350161429280244,-0.0032160491752180036,0.4575289575289575,-0.0491686207458068,0.05528879800491407,0.19723595109990855,-0.12265131604754254
fresh_stack,short,train,5,518,0.010967255071303816,0.002927320641114452,0.5135135135135135,-0.05880622715553391,0.06987156053344301,0.19723595109990855,-0.12265131604754254
fresh_stack,short,train,10,518,0.014112901737287936,0.02683617621290102,0.5501930501930502,-0.0889180755237085,0.12527706543839984,0.19723595109990855,-0.12265131604754254
fresh_stack,short,train,20,518,0.04023098929726966,0.06536156054202047,0.637065637065637,-0.05074219235946442,0.19944245470398148,0.19723595109990855,-0.12265131604754254
fresh_stack,short,train,30,518,0.03544440805442058,0.10186328263449068,0.6332046332046332,-0.10730112459307478,0.27071552225558926,0.19723595109990855,-0.12265131604754254
pullback_recapture,long,test,1,98,-0.002616680297262228,-0.002200040016006431,0.336734693877551,-0.014706226462439074,0.005822321589540715,0.045561188381290085,-0.14085340634829474
pullback_recapture,long,test,3,98,-0.014140983310013368,-0.0025496404314822568,0.30612244897959184,-0.05399908959500091,0.0036865903162201525,0.045561188381290085,-0.14085340634829474
pullback_recapture,long,test,5,98,-0.020225957519551453,-0.0023199127868823704,0.3469387755102041,-0.06813088992400068,0.008755110580532301,0.045561188381290085,-0.14085340634829474
pullback_recapture,long,test,10,98,-0.033171942920399274,-0.003244681270770265,0.30612244897959184,-0.1112482879439401,0.023386661615526272,0.045561188381290085,-0.14085340634829474
pullback_recapture,long,test,20,98,-0.030203570765665995,-0.020515937535031836,0.22448979591836735,-0.14404067409343368,-0.001577792322597969,0.045561188381290085,-0.14085340634829474
pullback_recapture,long,test,30,98,-0.03457097096820826,-0.04066887885906756,0.24489795918367346,-0.19592526453426473,-0.0008489088697848906,0.045561188381290085,-0.14085340634829474
pullback_recapture,long,train,1,294,0.0059674363511218985,-0.0021847289116779228,0.4557823129251701,-0.026992456753552135,0.025648688897294547,0.08294819376797102,-0.17993106186504132
pullback_recapture,long,train,3,294,-0.017767076641713987,-0.013951778923582124,0.3877551020408163,-0.07791053508076282,0.022137424287702323,0.08294819376797102,-0.17993106186504132
pullback_recapture,long,train,5,294,-0.03636372433038222,-0.023397499780566655,0.35374149659863946,-0.09768140030263878,0.016768255427579704,0.08294819376797102,-0.17993106186504132
pullback_recapture,long,train,10,294,-0.05154689946760351,-0.04018874332543981,0.36394557823129253,-0.1499154490506071,0.027026207641123845,0.08294819376797102,-0.17993106186504132
pullback_recapture,long,train,20,294,-0.08960098291183369,-0.07629217311719144,0.22448979591836735,-0.187676761360515,-0.004319289517048989,0.08294819376797102,-0.17993106186504132
pullback_recapture,long,train,30,294,-0.10899501792631036,-0.11411667157912031,0.2653061224489796,-0.26059757650349635,0.0020928097979044952,0.08294819376797102,-0.17993106186504132
pullback_recapture,short,test,1,668,0.004063973542656292,0.006223414932767681,0.5778443113772455,-0.013102383813913042,0.023506371436754103,0.14965675647196774,-0.0802093024669962
pullback_recapture,short,test,3,668,0.013403117542886606,0.008711698274025183,0.5523952095808383,-0.03163658626715621,0.05364842958459984,0.14965675647196774,-0.0802093024669962
pullback_recapture,short,test,5,668,0.014710642452851044,0.016197692417396214,0.5718562874251497,-0.035697588714438344,0.0718268973498683,0.14965675647196774,-0.0802093024669962
pullback_recapture,short,test,10,668,0.030901465509437925,0.027891347264328292,0.5973053892215568,-0.03917133744083506,0.1223734553378499,0.14965675647196774,-0.0802093024669962
pullback_recapture,short,test,20,668,0.05977449606317798,0.06479279456363024,0.6497005988023952,-0.03074822046683623,0.1752071751009742,0.14965675647196774,-0.0802093024669962
pullback_recapture,short,test,30,668,0.08048703806128854,0.0795200725076784,0.655688622754491,-0.03523393570654082,0.22742754631245934,0.14965675647196774,-0.0802093024669962
pullback_recapture,short,train,1,568,0.006183749166160891,-0.0016491503962421366,0.4823943661971831,-0.027444541128240185,0.03385639463713977,0.19635519279482128,-0.12380964750295576
pullback_recapture,short,train,3,568,0.006203787858771606,-0.002200300651578833,0.4665492957746479,-0.042131530242084825,0.052016637986305375,0.19635519279482128,-0.12380964750295576
pullback_recapture,short,train,5,568,0.019025325326365028,0.010603929577203743,0.551056338028169,-0.04120087424493246,0.07107640835281137,0.19635519279482128,-0.12380964750295576
pullback_recapture,short,train,10,568,0.012883182257390057,0.03179327565641038,0.5616197183098591,-0.08926660334380698,0.13825960995774522,0.19635519279482128,-0.12380964750295576
pullback_recapture,short,train,20,568,0.03231192034706372,0.05568926490571652,0.602112676056338,-0.08166707290888575,0.20140837892442856,0.19635519279482128,-0.12380964750295576
pullback_recapture,short,train,30,568,0.03036510967086299,0.07388843778320275,0.6091549295774648,-0.08425432636776786,0.24091072236761837,0.19635519279482128,-0.12380964750295576
